No,Lantai,Pos,Tema,Materi,Pertanyaan,,Kategori Pilar,Bentuk Pertanyaan,Skornya berapa?,Catatan
1,1,1,Anti Korupsi dan Terorisme,"Integritas dalam Pengelolaan
Dana Kegiatan","Panitia sebuah festival mahasiswa mendapatkan dana kegiatan sebesar Rp25 juta dari kampus dan sponsor. Setelah acara selesai, bendahara menemukan bahwa terdapat sisa dana Rp2 juta. Ketua panitia mengusulkan agar uang tersebut dibagi kepada pengurus inti sebagai “bonus karena sudah bekerja keras”. Ia berpendapat bahwa tidak ada pihak yang akan dirugikan karena seluruh rangkaian acara sudah selesai.

Jika kamu menjadi anggota panitia, respons yang paling tepat adalah ...
A. Menyetujui karena uang tersebut merupakan hasil kerja keras panitia
B. Membagi uang hanya kepada panitia yang memiliki tanggung jawab paling besar
C. Menggunakan uang tersebut untuk acara makan bersama agar tidak perlu dimasukkan ke laporan
D. Memastikan penggunaan sisa dana mengikuti ketentuan anggaran dan mempertanggungjawabkannya secara transparan
E. Membiarkan ketua mengambil keputusan karena ia memiliki tanggung jawab terbesar

JAWABAN : D",,"Pilar 1, Pilar 4",Pilihan Ganda,13,Satu Pos
2,1,1,Anti Korupsi dan Terorisme,"Terorisme dan Intoleransi di
Lingkungan Kampus","Sebuah diskusi mahasiswa mengenai konflik sosial berlangsung di kampus. Salah satu peserta menyampaikan pendapat yang sangat keras dan menyebut kelompok tertentu sebagai “ancaman bagi masyarakat”. Beberapa peserta kemudian mulai menganggap kekerasan terhadap kelompok tersebut sebagai sesuatu yang dapat dibenarkan.

Sebagai mahasiswa yang berada dalam forum tersebut, tindakan yang paling tepat adalah ...
A. Membiarkan diskusi berlangsung karena setiap orang memiliki kebebasan berpendapat
B. Mengkritisi narasi yang membenarkan kekerasan, mengarahkan diskusi pada fakta dan dialog yang konstruktif
C. Menghentikan seluruh diskusi mengenai konflik sosial agar tidak menimbulkan masalah
D. Membalas pernyataan tersebut dengan menyudutkan kelompok yang berbeda
E. Mengunggah rekaman diskusi ke media sosial agar masyarakat dapat memberikan penilaian

JAWABAN : B",,"Pilar 1, Pilar 4",Pilihan Ganda,12,
3,1,1,Anti Korupsi dan Terorisme,"Gratifikasi dan Konflik
Kepentingan","Seorang mahasiswa menjadi panitia seleksi peserta untuk mengikuti program pertukaran mahasiswa. Sehari sebelum seleksi, salah satu peserta memberikan kepadanya hadiah dengan mengatakan, “Ini cuma tanda terima kasih, tidak ada hubungannya dengan seleksi.”
Mahasiswa tersebut kemudian merasa tidak enak jika harus memberikan penilaian yang rendah kepada peserta tersebut.

Situasi tersebut menunjukkan bahwa pemberian hadiah dapat menjadi masalah karena ...
A. Semua hadiah kepada mahasiswa merupakan bentuk korupsi
B. Hadiah tersebut dapat menimbulkan rasa sungkan dan memengaruhi objektivitas dalam pengambilan keputusan
C. Peserta tidak boleh memberikan hadiah kepada siapa pun
D. Panitia seleksi tidak boleh berinteraksi dengan peserta
E. Hadiah hanya boleh diberikan setelah pengumuman hasil seleksi

JAWABAN : B",,"Pilar 1, Pilar 4",Pilihan Ganda,13,
4,1,1,Anti Korupsi dan Terorisme,"Etika Bermedia Sosial dan
Pencegahan Terorisme","Sebuah unggahan tentang konflik sosial menjadi viral di kalangan mahasiswa. Banyak komentar berisi informasi yang belum terverifikasi dan beberapa di antaranya mengajak pengguna untuk melakukan tindakan kekerasan. Seorang mahasiswa kemudian ingin membagikan unggahan tersebut karena menurutnya semakin banyak orang yang melihat, semakin cepat masalah tersebut diketahui.

Apa yang seharusnya menjadi pertimbangan utama sebelum mahasiswa tersebut membagikannya?
A. Memeriksa popularitas unggahan dan melihat respons pengguna terhadap informasi tersebut.
B. Memeriksa kesesuaian isi unggahan dengan pandangan pribadi terhadap konflik tersebut.
C. Memeriksa kebenaran informasi dan mempertimbangkan dampak dari penyebarannya.
D. Memeriksa banyaknya akun yang membagikan dan mendukung informasi tersebut.
E. Memeriksa kredibilitas akun dan sumber yang digunakan dalam unggahan tersebut.

JAWABAN : C",,"Pilar 1, Pilar 4",Pilihan Ganda,12,
5,1,1,Anti Korupsi dan Terorisme,"Whistleblowing dan Keberanian
Melaporkan Korupsi","Seorang mahasiswa menemukan bukti bahwa sebagian dana kegiatan organisasi digunakan untuk kepentingan pribadi salah satu pengurus. Ia ingin melaporkan hal tersebut, tetapi beberapa temannya memperingatkan bahwa tindakan tersebut dapat membuatnya dikucilkan karena pengurus yang terlibat cukup berpengaruh.

Sikap yang paling tepat adalah ...
A. Mengabaikannya agar hubungan pertemanan tetap baik
B. Menyebarkan bukti tersebut ke media sosial tanpa melakukan klarifikasi
C. Menghilangkan bukti agar masalah tidak semakin besar
D. Menggunakan mekanisme pelaporan dan menyampaikan informasi secara bertanggung jawab
E. Menghadapi pengurus tersebut secara langsung dan mengancam akan membongkar

JAWABAN : D",,"Pilar 1, Pilar 4",Pilihan Ganda,13,
,,1,Anti Korupsi dan Terorisme,"Integritas Akademik dan
Kejujuran","Seorang mahasiswa mendapat tugas membuat laporan penelitian kelompok. Saat mengumpulkan data, hasil yang diperoleh ternyata berbeda dengan penelitian terdahulu. Salah satu anggota kelompok mengusulkan untuk menyesuaikan beberapa data agar hasil penelitian terlihat lebih sesuai dengan teori yang digunakan.

Apa tindakan yang paling tepat dilakukan kelompok tersebut?
A. Menyesuaikan data agar hasil penelitian lebih mudah diterima
B. Menggunakan data yang sesuai dengan teori dan mengabaikan sisanya
C. Menyajikan data sesuai hasil penelitian dan membahas perbedaannya
D. Mengubah sebagian data selama kesimpulannya tidak berubah
E. Mengikuti hasil penelitian terdahulu agar laporan lebih meyakinkan

JAWABAN: C",,"Pilar 1, Pilar 4",Pilihan Ganda,12,
,,1,Anti Korupsi dan Terorisme,"Penyalahgunaan Wewenang
dalam Organisasi","Ketua sebuah organisasi mahasiswa memiliki akses terhadap fasilitas kampus untuk mendukung kegiatan organisasi. Suatu hari, ia menggunakan fasilitas tersebut untuk membantu kegiatan pribadi temannya di luar program organisasi. Ketika ditanya oleh anggota lain, ia mengatakan bahwa fasilitas tersebut juga digunakan mahasiswa sehingga tidak menjadi masalah.

Apa yang menjadi permasalahan utama dalam kasus tersebut?
A. Penggunaan fasilitas untuk kegiatan mahasiswa di luar organisasi
B. Penggunaan fasilitas berdasarkan hubungan pribadi dengan mahasiswa lain
C. Pemanfaatan wewenang organisasi untuk kepentingan di luar tanggung jawabnya
D. Kurangnya koordinasi antara ketua dengan anggota organisasi
E. Ketidaksesuaian penggunaan fasilitas dengan kegiatan mahasiswa

JAWABAN: C",,"Pilar 1, Pilar 4",Pilihan Ganda,13,
,,1,Anti Korupsi dan Terorisme,"Transparansi dalam Pengambilan
Keputusan","Dalam sebuah organisasi mahasiswa, pengurus inti memutuskan penggunaan dana untuk membeli perlengkapan kegiatan. Keputusan tersebut dibuat tanpa melibatkan anggota lain karena dianggap lebih cepat. Setelah pembelian dilakukan, beberapa anggota mempertanyakan harga barang yang ternyata lebih tinggi dari perkiraan awal.

Langkah yang paling tepat untuk mencegah masalah serupa adalah ...
A. Membatasi pengambilan keputusan hanya pada pengurus inti
B. Membuat proses pengambilan keputusan dan penggunaan dana lebih terbuka
C. Mengutamakan keputusan yang paling cepat untuk setiap kegiatan
D. Menyerahkan seluruh keputusan kepada bendahara organisasi
E. Menghindari pembelian barang dengan harga yang tinggi

JAWABAN: B",,"Pilar 1, Pilar 4",Pilihan Ganda,12,
,,,,,,,,,Total: 100,
1,2,2,Leadership,,Kartu 1,Kartu 2 ( Pasangan kartu 1 ),Pilar 2,Memorize,,Dua Pos
,2,2,Leadership,Karakter Dasar,Integritas,Jujur dan konsisten antara perkataan dan perbuatan,Pilar 2,Memorize,15,
2,2,2,Leadership,Manajemen Tugas,Delegasi ,Breakdown tugas menjadi bagian-bagian kecil & bagi peran sesuai keahlian,Pilar 2,Memorize,20,
3,2,2,Leadership,Penanganan Anggota,"Ada anggota kelompok yang sukanya cuma ""numpang nama"" tapi ilang-ilangan","Kasih deadline & tenggat tegas, kalau tetep ghosting baru lapor dosen.",Pilar 2,Memorize,25,
4,2,2,Leadership,Perencanaan,Visioner ,Punya Pandangan Jauh Kedepan Untuk Organisasi,Pilar 2,Memorize,15,
5,2,2,Leadership,Pengambilan Keputusan,Problem Solving,"Rundown acara mendadak berantakan karena mati listrik di tengah-tengah acara.Tetap tenang, alihkan ke sesi ice breaking manual sambil tim teknis backup",Pilar 2,Memorize,25,
,,,,,,,,,Total: 100,
1,2,6,Media Sosial dan Komunikasi,Etika Bermedia Sosial,Istilah untuk perilaku tidak sopan/menyerang orang lain secara online disebut apa? Jawaban: Cyberbulliying,,"Pilar 3,4,5",Jawaban Singkat,13,
2,2,6,Media Sosial dan Komunikasi,Jejak Digital,Semua rekam jejak aktivitas kita di internet yang tidak bisa dihapus sepenuhnya disebut? Jawaban: Jejak Digital,,"Pilar 3,4,5",Jawaban Singkat,12,
3,2,6,Media Sosial dan Komunikasi,Hoaks & Misinformasi,"Sebelum membagikan berita, langkah penting yang harus dilakukan agar tidak menyebarkan hoaks adalah? Jawaban: Cek Fakta",,"Pilar 3,4,5",Jawaban Singkat,13,
4,2,6,Media Sosial dan Komunikasi,Netiket (Netiquette),Istilah untuk aturan/tata krama berkomunikasi di dunia maya disebut? Jawaban: Netiket,,"Pilar 3,4,5",Jawaban Singkat,12,
5,2,6,Media Sosial dan Komunikasi,Komunikasi Efektif,"Dalam komunikasi, pesan yang disampaikan harus jelas, singkat, dan tidak bertele-tele ini disebut prinsip? Jawaban: Konkret",,"Pilar 3,4,5",Jawaban Singkat,13,
6,2,6,Media Sosial dan Komunikasi,Privasi Online,Fitur di media sosial yang membatasi siapa saja yang bisa melihat postingan kita disebut? Jawaban: Pengaturan Privasi,,"Pilar 3,4,5",Jawaban Singkat,12,
7,2,6,Media Sosial dan Komunikasi,Personal Branding,Upaya membangun citra diri yang positif dan konsisten di media sosial disebut? Jawaban: Personal Branding,,"Pilar 3,4,5",Jawaban Singkat,13,
8,2,6,Media Sosial dan Komunikasi,Klarifikasi Publik,"Saat organisasi terkena isu negatif di media sosial, langkah resmi untuk meluruskan informasi disebut? Jawaban: Klarifikasi",,"Pilar 3,4,5",Jawaban Singkat,12,
,,,,,,,,,Total: 100,
1,3,3,Profil Pelajar Pancasila,Sikap mandiri,Menolak kerja kelompok karena merasa mampu mengerjakan semuanya sendiri menunjukkan sikap mandiri.  Jawaban: Salah,,Pilar 1 ,Benar/Salah,15,Satu Pos
2,3,3,Profil Pelajar Pancasila,Berkebhinekaan Global,Mengikuti budaya asing tanpa mempertimbangkan kesesuaiannya dengan nilai yang diyakini merupakan bentuk berkebhinnekaan global. Jawaban: Salah,,Pilar 1 ,Benar/Salah,20,
3,3,3,Profil Pelajar Pancasila,"Perwujudan karakter beriman, bertakwa kepada Tuhan Yang Maha Esa, berakhlak mulia, ",Menjalankan ibadah dengan baik tetapi merendahkan pemeluk agama lain bertentangan dengan karakter berakhlak mulia. Jawaban: Benar,,Pilar 1,Benar/Salah,20,
4,3,3,Profil Pelajar Pancasila, Bernalar kritis,Menerima kritik tanpa mengevaluasi kebenarannya bukan merupakan bentuk berpikir kritis. Jawaban: Benar,,Pilar 1,Benar/Salah,20,
5,3,3,Profil Pelajar Pancasila,Gotong Royong dan Kreatif,"Kelompok yang membagi tugas secara adil tetapi menggunakan cara lama tanpa mencoba memperbaikinya sudah menunjukkan gotong royong, tetapi belum tentu menunjukkan kreativitas. Jawaban benar",,Pilar 1,Benar/Salah,25,
,,,,,,,,,Total: 100,
1,4,4,Anti Narkoba,Pengertian dan Jenis Narkoba,Posisi: MENDATAR Zat yang dapat menyebabkan ketergantungan dan merusak sistem saraf? jawaban: NARKOBA,,Pilar 4,Teka-teki silang,20,Dua Pos
2,4,4,Anti Narkoba,Dampak Kecanduan (Adiksi) Zat,Posisi: MENDATAR Kondisi tubuh yang bergantung terus-menerus pada suatu zat. Jawaban: KETAGIHAN,,Pilar 4,Teka-teki silang,20,
3,4,4,Anti Narkoba,Pola Hidup Bebas Narkoba,"Posisi: MENURUN. Lawan kata ""kecanduan"", kondisi bebas dari pengaruh zat terlarang. jawaban: BEBAS",,Pilar 4,Teka-teki silang,20,
4,4,4,Anti Narkoba,Rehabilitasi Pengguna Narkoba,Posisi: MENDATAR. Tempat rehabilitasi bagi pengguna narkoba biasa disebut panti? Jawaban: REHAB,,Pilar 4,Teka-teki silang,20,
5,4,4,Anti Narkoba,Keterampilan Menolak Ajakan Narkoba,Posisi: MENURUN. Sikap menolak dengan tegas terhadap penyalahgunaan narkoba?. Jawaban: TOLAK,,Pilar 4,Teka-teki silang,20,
,,,,,https://drive.google.com/drive/folders/1da1JDYvj5RpNv4Io7qnMpJhLCG71OWVS,,,,,
,,,,,,,,,Total: 100,
1,4,9,Ingat Aku (Tebak Tulisan) Teks Gambar di Blur,,"https://drive.google.com/file/d/1S0ZOeETjD1l9xPpoE6KnvIC-_L32vlzL/view?usp=drivesdk Soal: Tulisan apakah ini? 
Jawab: Internet Center",,,Jawaban Singkat,20,
2,4,9,Ingat Aku (Tebak Tulisan) Teks Gambar di Blur,,"https://drive.google.com/file/d/1yJ9kD3DW9WMNNOaea8RKCVixVGANmQEO/view?usp=drivesdk Soal: Tulisan apakah ini?
Jawab: Creative Corner",,,Jawaban Singkat,20,
3,4,9,Ingat Aku (Tebak Tulisan) Teks Gambar di Blur,,"https://drive.google.com/file/d/1J1v_rdHQm7aw_YDemSLYiuJMAaecED4P/view?usp=drivesdk Soal: Tulisan apakah ini?
Jawab: Your Bright Future Starts Here",,,Jawaban Singkat,20,
4,4,9,Ingat Aku (Tebak Tulisan) Teks Gambar di Blur,,"https://drive.google.com/file/d/1QDVanLV67fUH8cRn769xUdYPo7ce17bY/view?usp=drivesdk Soal: Tulisan apakah ini? 
Jawab: Build Ur Own Startup",,,Jawaban Singkat,20,
5,4,9,Ingat Aku (Tebak Tulisan) Teks Gambar di Blur,,"https://drive.google.com/file/d/1Q3Cht2fn4Sn9VxArIEnXH8e3HGwI7t9y/view?usp=drivesdk Soal: Siapa nama 3 tokoh ini? Harus urut!
Jawab: 1. KH. M Hasyim Asyaari
2. KH. Bisri Syansuri
3. KH. Abdul Wahab Chasbullah",,,Jawaban Singkat,20,
,,,,,,,,,Total: 100,
1,5,5,Anti Plagarisme,Definisi & Bentuk-bentuk Plagiarisme,"Petunjuk: Aku adalah tindakan mengambil ide, kalimat, atau karya orang lain lalu mengakuinya sebagai hasil karyamu sendiri tanpa izin atau tanpa menyebut sumbernya. Aku adalah musuh utama dunia akademik. Siapakah aku?
Jawaban: PLAGIAT",,Pilar 4,Tebak Kata,10,Satu Pos
2,5,5,Anti Plagarisme,Teknik Sitasi & Pengutipan,"Petunjuk: Aku adalah bagian kalimat atau paragraf yang kamu ambil persis dari sumber lain, biasanya ditulis di antara tanda petik (""...""), dan wajib disebutkan sumbernya. Tanpa aku disebutkan asalnya, kamu bisa dianggap plagiat. Siapakah aku?
Jawaban: KUTIPAN",,Pilar 4,Tebak Kata,20,
3,5,5,Anti Plagarisme,",Penulisan Daftar Pustaka/Referensi","Petunjuk: Aku adalah daftar sumber (buku, jurnal, artikel, atau website) yang kamu gunakan saat menulis tugas atau skripsi. Aku biasanya muncul di halaman paling akhir sebuah karya tulis. Tanpa aku, pembaca tidak tahu dari mana ide-ide dalam tulisanmu berasal. Siapakah aku?
Jawaban: REFERENSI",,Pilar 4,Tebak Kata,20,
4,5,5,Anti Plagarisme,Etika & Integritas Akademik,"Petunjuk: Aku adalah nilai kejujuran dalam belajar dan berkarya — tidak menyontek, tidak memalsukan data, dan tidak mengaku karya orang lain sebagai milikmu. Kampus sangat menjunjung tinggi diriku. Siapakah aku?
Jawaban: INTEGRITAS AKADEMIK",,Pilar 4,Tebak Kata,25,
5,5,5,Anti Plagarisme,Jenis-jenis Plagiarisme Lanjutan (Self-Plagiarism),"Petunjuk: Aku mirip plagiat, tapi bedanya: yang ""dicuri"" adalah karyamu sendiri! Aku terjadi ketika seseorang mengirim ulang atau menerbitkan kembali tulisannya yang lama tanpa memberi keterangan bahwa itu bukan karya baru. Siapakah aku?
Jawaban: AUTOPLAGIARISME",,Pilar 4,Tebak Kata,25,
,,,,,,,,,Total 100,
1,6,7,Menebak Gambar siapa atau suara dari gambar tersebut,Fun Pos,"https://drive.google.com/file/d/1gSO19MNNdMX5qpbn7At81Fp8ZNKmjiBu/view?usp=drivesdk Soal: Lagu apa yang cocok untukku? dan siapakah aku? Jawab: MBG, Mas Bahlil Ganteng",,,Jawaban Singkat,20,Dua Pos
2,6,7,Menebak Gambar siapa atau suara dari gambar tersebut,Fun Pos,"https://drive.google.com/file/d/1Ov580yOxG6Wt3350XnQcHFaeC8JdSo2m/view?usp=drivesdk Soal: Hari ini di jogja saya akan lawan, Siapakah diriku? dan mana asalku?
Jawab: Jokowi Pria Solo",,,Jawaban Singkat,20,
3,6,7,Menebak Gambar siapa atau suara dari gambar tersebut,Fun Pos,"https://drive.google.com/file/d/1rPBsyOTf8FBT1IYOj0TZCvzIb6GWB1F9/view?usp=drivesdk Soal: Siapa tokoh bersejarah ini? Dan apa kalimat motivasi nya?
Jawab: Prabowo, Saatnya untuk nyawit",,,Jawaban Singkat,20,
4,6,7,Menebak Gambar siapa atau suara dari gambar tersebut,Fun Pos,"https://drive.google.com/file/d/1a6p4BbTwVNhLoulpsjlf7w7e6Hi6vm59/view?usp=drivesdk Soal: Aku adalah saudaramu, siapakah aku?
Jawab: monyet",,,Jawaban Singkat,20,
5,6,7,Menebak Gambar siapa atau suara dari gambar tersebut,Fun Pos,"https://drive.google.com/file/d/1K_JfdcvOdBC-rmtSmCUdyzH_OMzgE7xH/view?usp=drivesdk Soal: Suaraku merdu seperti Ajeng Febri, siapakah aku? Dan bagaimana suaraku?
Jawab: Sapi, mohhh",,,Jawaban Singkat,20,
,,,,,,,,,,
1,6,8,Ingat Aku (Tebak Posisi) Gambar ada di sebelah mana atau lanta berapa,Fun game ,https://drive.google.com/file/d/1Yyxf7m4tb83xOGe0IH4q72t4lSQsG2yW/view?usp=drivesdk,,,jawaban singkat ,20,
,,,,,Pertanyaan : Ada di lantai berapakah aku? jawaban Lantai 2 amphiteater ,,,,,
2,6,8,Ingat Aku (Tebak Posisi) Gambar ada di sebelah mana atau lantai berapa,Fun game,https://drive.google.com/file/d/1alaoLPnHhU-nbpyGPt2UtsV0O9s7P26E/view?usp=drivesdk,,,jawaban singkat,20,
,,,,,Pertanyaan : Ada dilantai berapakah aku? jawaban Lantai 4,,,,,
3,6,8,Ingat Aku (Tebak Posisi) Gambar ada di sebelah mana atau lantai berapa,Fun game,https://drive.google.com/file/d/1AeC5fxt5jaWec-QrNY0XItnka6K3HW-Q/view?usp=drivesdk,,,jawaban singkat,20,
,,,,,Pertanyaan : Ada di lantai berapakah aku? jawaban Lantai  1,,,,,
4,6,8,Ingat Aku (Tebak Posisi) Gambar ada di sebelah mana atau lantai berapa,Fun game,https://drive.google.com/file/d/1Ksd55wXqi0DsP7hzjZMmJToKdiFwOSuU/view?usp=drivesdk,,,jawaban singkat,20,
,,,,,Pertanyaan : Ada di lantai berapakah aku? jawaban Lantai 4,,,,,
5,6,8,Ingat Aku (Tebak Posisi) Gambar ada di sebelah mana atau lantai berapa,Fun game,https://drive.google.com/file/d/1wRZ-7UQjUqCKdsBCd8mgN3aIgnEyyHLb/view?usp=drivesdk,,,jawaban singkat,20,
,,,,,Pertanyaan : Ada di lantai berapakah aku? jawaban Lantai 3,,,,,
,,,,,,,,,Total 100,